<?xml version="1.0" encoding="UTF-8"?>
<project-private xmlns="http://www.netbeans.org/ns/project-private/1">
    <editor-bookmarks xmlns="http://www.netbeans.org/ns/editor-bookmarks/2" lastBookmarkId="0"/>
    <open-files xmlns="http://www.netbeans.org/ns/projectui-open-files/2">
        <group>
            <file>file:/C:/Users/fahad/OneDrive/Documents/NetBeansProjects/ToDoList/src/todolist/Login.java</file>
            <file>file:/C:/Users/fahad/OneDrive/Documents/NetBeansProjects/ToDoList/src/todolist/ToDoList.java</file>
            <file>file:/C:/Users/fahad/OneDrive/Documents/NetBeansProjects/ToDoList/src/todolist/Task.java</file>
            <file>file:/C:/Users/fahad/OneDrive/Documents/NetBeansProjects/ToDoList/src/todolist/override.java</file>
            <file>file:/C:/Users/fahad/OneDrive/Documents/NetBeansProjects/ToDoList/src/todolist/List.java</file>
            <file>file:/C:/Users/fahad/OneDrive/Documents/NetBeansProjects/ToDoList/src/todolist/TitleBar.java</file>
            <file>file:/C:/Users/fahad/OneDrive/Documents/NetBeansProjects/ToDoList/src/todolist/AppFrame.java</file>
            <file>file:/C:/Users/fahad/OneDrive/Documents/NetBeansProjects/ToDoList/src/todolist/Footer.java</file>
            <file>file:/C:/Users/fahad/OneDrive/Documents/NetBeansProjects/ToDoList/src/todolist/TaskInputDialog.java</file>
        </group>
    </open-files>
</project-private>
